{"chunk_definitions":[{"row":22,"row_count":1,"visible":true,"expansion_state":0,"options":{"engine":"r","label":"unnamed-chunk-2"},"document_id":"5FE6B497","chunk_id":"clr8c8kod55lw","chunk_label":"unnamed-chunk-1"},{"row":28,"row_count":1,"visible":true,"expansion_state":0,"options":{"engine":"r","label":"unnamed-chunk-3"},"document_id":"5FE6B497","chunk_id":"cakdob5m1ioh8","chunk_label":"unnamed-chunk-2"},{"row":34,"row_count":1,"visible":true,"expansion_state":0,"options":{"engine":"r","label":"unnamed-chunk-4"},"document_id":"5FE6B497","chunk_id":"cksvo2v5evdp7","chunk_label":"unnamed-chunk-3"},{"row":40,"row_count":1,"visible":true,"expansion_state":0,"options":{"engine":"r","label":"unnamed-chunk-5"},"document_id":"5FE6B497","chunk_id":"csaa3dgpg98fl","chunk_label":"unnamed-chunk-4"},{"row":47,"row_count":1,"visible":true,"expansion_state":0,"options":{"engine":"r","label":"unnamed-chunk-1"},"document_id":"5FE6B497","chunk_id":"c6no12h2iyz90","chunk_label":"unnamed-chunk-5"},{"row":54,"row_count":1,"visible":true,"expansion_state":0,"options":{"engine":"r","label":"unnamed-chunk-2"},"document_id":"5FE6B497","chunk_id":"c6viv6mi7a9c8","chunk_label":"unnamed-chunk-6"},{"row":60,"row_count":1,"visible":true,"expansion_state":0,"options":{"engine":"r","label":"unnamed-chunk-3"},"document_id":"5FE6B497","chunk_id":"cdzljrwiesslc","chunk_label":"unnamed-chunk-7"},{"row":66,"row_count":1,"visible":true,"expansion_state":0,"options":{"engine":"r","label":"unnamed-chunk-6"},"document_id":"5FE6B497","chunk_id":"cam6nxkcngujd","chunk_label":"unnamed-chunk-8"},{"row":72,"row_count":1,"visible":true,"expansion_state":0,"options":{"engine":"r","label":"unnamed-chunk-7"},"document_id":"5FE6B497","chunk_id":"cnrrmht8pki4k","chunk_label":"unnamed-chunk-9"},{"row":78,"row_count":1,"visible":true,"expansion_state":0,"options":{"engine":"r","label":"unnamed-chunk-8"},"document_id":"5FE6B497","chunk_id":"cn05vo9fwychy","chunk_label":"unnamed-chunk-10"}],"doc_write_time":1659880657}