{"chunk_definitions":[{"row":20,"row_count":1,"visible":true,"expansion_state":0,"options":{"engine":"r","label":"unnamed-chunk-59"},"document_id":"2E11A595","chunk_id":"czyz3ch8am7xu","chunk_label":"unnamed-chunk-1"},{"row":26,"row_count":1,"visible":true,"expansion_state":0,"options":{"engine":"r","label":"unnamed-chunk-3"},"document_id":"2E11A595","chunk_id":"cln7z2hrdmgl2","chunk_label":"unnamed-chunk-2"},{"row":33,"row_count":1,"visible":true,"expansion_state":0,"options":{"engine":"r","label":"unnamed-chunk-5"},"document_id":"2E11A595","chunk_id":"c8dnwsipo8g9b","chunk_label":"unnamed-chunk-3"},{"row":38,"row_count":1,"visible":true,"expansion_state":0,"options":{"engine":"r","label":"unnamed-chunk-6"},"document_id":"2E11A595","chunk_id":"c2od6pdvaadso","chunk_label":"unnamed-chunk-4"},{"row":46,"row_count":1,"visible":true,"expansion_state":0,"options":{"engine":"r","label":"unnamed-chunk-4"},"document_id":"2E11A595","chunk_id":"cgyz8i1rb3x85","chunk_label":"unnamed-chunk-5"},{"row":58,"row_count":1,"visible":true,"expansion_state":0,"options":{"engine":"r","label":"unnamed-chunk-8"},"document_id":"2E11A595","chunk_id":"ccymeiqxq3i3v","chunk_label":"unnamed-chunk-7"},{"row":64,"row_count":1,"visible":true,"expansion_state":0,"options":{"engine":"r","label":"unnamed-chunk-9"},"document_id":"2E11A595","chunk_id":"cynechx3vr19p","chunk_label":"unnamed-chunk-8"},{"row":72,"row_count":1,"visible":true,"expansion_state":0,"options":{"engine":"r","label":"unnamed-chunk-14"},"document_id":"2E11A595","chunk_id":"ci4m3au6hljsl","chunk_label":"unnamed-chunk-9"},{"row":78,"row_count":1,"visible":true,"expansion_state":0,"options":{"engine":"r","label":"unnamed-chunk-19"},"document_id":"2E11A595","chunk_id":"c235pnv80vsms","chunk_label":"unnamed-chunk-10"},{"row":82,"row_count":1,"visible":true,"expansion_state":0,"options":{"engine":"r","label":"unnamed-chunk-21"},"document_id":"2E11A595","chunk_id":"ct7krlo5ttkeb","chunk_label":"unnamed-chunk-11"},{"row":86,"row_count":1,"visible":true,"expansion_state":0,"options":{"engine":"r","label":"unnamed-chunk-24"},"document_id":"2E11A595","chunk_id":"c18491nd8j9t8","chunk_label":"unnamed-chunk-12"},{"row":90,"row_count":1,"visible":true,"expansion_state":0,"options":{"engine":"r","label":"unnamed-chunk-28"},"document_id":"2E11A595","chunk_id":"c80839wgo0w2i","chunk_label":"unnamed-chunk-13"},{"row":96,"row_count":1,"visible":true,"expansion_state":0,"options":{"engine":"r","label":"unnamed-chunk-33"},"document_id":"2E11A595","chunk_id":"c9hwjbvw9m81o","chunk_label":"unnamed-chunk-14"},{"row":104,"row_count":1,"visible":true,"expansion_state":0,"options":{"engine":"r","label":"unnamed-chunk-36"},"document_id":"2E11A595","chunk_id":"cjo6td4is07c2","chunk_label":"unnamed-chunk-15"},{"row":110,"row_count":1,"visible":true,"expansion_state":0,"options":{"engine":"r","label":"unnamed-chunk-37"},"document_id":"2E11A595","chunk_id":"crsnflzowponb","chunk_label":"unnamed-chunk-16"},{"row":116,"row_count":1,"visible":true,"expansion_state":0,"options":{"engine":"r","label":"unnamed-chunk-38"},"document_id":"2E11A595","chunk_id":"c0hjtbi21yvts","chunk_label":"unnamed-chunk-17"},{"row":122,"row_count":1,"visible":true,"expansion_state":0,"options":{"engine":"r","label":"unnamed-chunk-39"},"document_id":"2E11A595","chunk_id":"c5mpkpfk4eqj3","chunk_label":"unnamed-chunk-18"},{"row":128,"row_count":1,"visible":true,"expansion_state":0,"options":{"engine":"r","label":"unnamed-chunk-40"},"document_id":"2E11A595","chunk_id":"cfocnpn54hjw0","chunk_label":"unnamed-chunk-19"},{"row":136,"row_count":1,"visible":true,"expansion_state":0,"options":{"engine":"r","label":"unnamed-chunk-41"},"document_id":"2E11A595","chunk_id":"ck252ikd91mmj","chunk_label":"unnamed-chunk-20"},{"row":140,"row_count":1,"visible":true,"expansion_state":0,"options":{"engine":"r","label":"unnamed-chunk-42"},"document_id":"2E11A595","chunk_id":"c8a6z5sawpxzk","chunk_label":"unnamed-chunk-21"},{"row":145,"row_count":1,"visible":true,"expansion_state":0,"options":{"engine":"r","label":"unnamed-chunk-44"},"document_id":"2E11A595","chunk_id":"cv2k4qgdrf72a","chunk_label":"unnamed-chunk-22"},{"row":151,"row_count":1,"visible":true,"expansion_state":0,"options":{"engine":"r","label":"unnamed-chunk-48"},"document_id":"2E11A595","chunk_id":"cyg6bspcg3di8","chunk_label":"unnamed-chunk-23"},{"row":159,"row_count":1,"visible":true,"expansion_state":0,"options":{"engine":"r","label":"unnamed-chunk-51"},"document_id":"2E11A595","chunk_id":"c03kukwxg5edv","chunk_label":"unnamed-chunk-24"},{"row":167,"row_count":1,"visible":true,"expansion_state":0,"options":{"engine":"r","label":"unnamed-chunk-53"},"document_id":"2E11A595","chunk_id":"c5d6r138pul6c","chunk_label":"unnamed-chunk-25"},{"row":171,"row_count":1,"visible":true,"expansion_state":0,"options":{"engine":"r","label":"unnamed-chunk-56"},"document_id":"2E11A595","chunk_id":"cmohksnfm8sgb","chunk_label":"unnamed-chunk-26"},{"row":181,"row_count":1,"visible":true,"expansion_state":0,"options":{"engine":"r","label":"unnamed-chunk-57"},"document_id":"2E11A595","chunk_id":"c22nhx87i9ppw","chunk_label":"unnamed-chunk-28"},{"row":187,"row_count":1,"visible":true,"expansion_state":0,"options":{"engine":"r","label":"unnamed-chunk-58"},"document_id":"2E11A595","chunk_id":"clmq7j5zdanli","chunk_label":"unnamed-chunk-29"},{"row":195,"row_count":1,"visible":true,"expansion_state":0,"options":{"engine":"r","label":"unnamed-chunk-60"},"document_id":"2E11A595","chunk_id":"c4lyvhrdmgnfa","chunk_label":"unnamed-chunk-30"},{"row":200,"row_count":1,"visible":true,"expansion_state":0,"options":{"engine":"r","label":"unnamed-chunk-63"},"document_id":"2E11A595","chunk_id":"cn1exrosjjijg","chunk_label":"unnamed-chunk-31"},{"row":206,"row_count":1,"visible":true,"expansion_state":0,"options":{"engine":"r","label":"unnamed-chunk-66"},"document_id":"2E11A595","chunk_id":"cwyjbhk6k4ai6","chunk_label":"unnamed-chunk-32"},{"row":212,"row_count":1,"visible":true,"expansion_state":0,"options":{"engine":"r","label":"unnamed-chunk-67"},"document_id":"2E11A595","chunk_id":"cwmps923rn3tg","chunk_label":"unnamed-chunk-33"},{"row":219,"row_count":1,"visible":true,"expansion_state":0,"options":{"engine":"r","label":"unnamed-chunk-68"},"document_id":"2E11A595","chunk_id":"c0elvsnrqlka1","chunk_label":"unnamed-chunk-34"}],"doc_write_time":1659813445,"chunk_rendered_width":700}