{"chunk_definitions":[{"row":12,"row_count":1,"visible":true,"expansion_state":0,"options":{"engine":"r","label":"unnamed-chunk-23"},"document_id":"4F25AB13","chunk_id":"c6vi61d3ff2hb","chunk_label":"unnamed-chunk-1"},{"row":18,"row_count":1,"visible":true,"expansion_state":0,"options":{"engine":"r","label":"unnamed-chunk-24"},"document_id":"4F25AB13","chunk_id":"cvh5cgn6yvvj3","chunk_label":"unnamed-chunk-2"},{"row":24,"row_count":1,"visible":true,"expansion_state":0,"options":{"engine":"r","label":"unnamed-chunk-25"},"document_id":"4F25AB13","chunk_id":"cbxgrj53paxwx","chunk_label":"unnamed-chunk-3"},{"row":33,"row_count":1,"visible":true,"expansion_state":0,"options":{"engine":"r","label":"unnamed-chunk-27"},"document_id":"4F25AB13","chunk_id":"cmcflqh02vnwo","chunk_label":"unnamed-chunk-4"},{"row":50,"row_count":1,"visible":true,"expansion_state":0,"options":{"engine":"r","label":"unnamed-chunk-31"},"document_id":"4F25AB13","chunk_id":"cctac9x9tkjf8","chunk_label":"unnamed-chunk-6"},{"row":59,"row_count":1,"visible":true,"expansion_state":0,"options":{"engine":"r","label":"unnamed-chunk-30"},"document_id":"4F25AB13","chunk_id":"cw9ro5w971m5k","chunk_label":"unnamed-chunk-7"},{"row":67,"row_count":1,"visible":true,"expansion_state":0,"options":{"engine":"r","label":"unnamed-chunk-33"},"document_id":"4F25AB13","chunk_id":"cjpibmy7128j2","chunk_label":"unnamed-chunk-8"},{"row":78,"row_count":1,"visible":true,"expansion_state":0,"options":{"engine":"r","label":"unnamed-chunk-39"},"document_id":"4F25AB13","chunk_id":"czp6ouytq1jhq","chunk_label":"unnamed-chunk-9"},{"row":85,"row_count":1,"visible":true,"expansion_state":0,"options":{"engine":"r","label":"unnamed-chunk-40"},"document_id":"4F25AB13","chunk_id":"c1fjtyu72joja","chunk_label":"unnamed-chunk-10"},{"row":94,"row_count":1,"visible":true,"expansion_state":0,"options":{"engine":"r","label":"unnamed-chunk-42"},"document_id":"4F25AB13","chunk_id":"czzcf3j12pflc","chunk_label":"unnamed-chunk-11"},{"row":101,"row_count":1,"visible":true,"expansion_state":0,"options":{"engine":"r","label":"unnamed-chunk-44"},"document_id":"4F25AB13","chunk_id":"cl96ayfjf30qr","chunk_label":"unnamed-chunk-12"},{"row":111,"row_count":1,"visible":true,"expansion_state":0,"options":{"engine":"r","label":"unnamed-chunk-46"},"document_id":"4F25AB13","chunk_id":"co5e6xw4pewog","chunk_label":"unnamed-chunk-13"}],"doc_write_time":1659796827,"chunk_rendered_width":700}