{"chunk_definitions":[{"row":41,"row_count":1,"visible":true,"expansion_state":0,"options":{"engine":"r","label":"unnamed-chunk-39"},"document_id":"AF54472B","chunk_id":"ckhxi98h5c49z","chunk_label":"unnamed-chunk-1"},{"row":51,"row_count":1,"visible":true,"expansion_state":0,"options":{"engine":"r","label":"unnamed-chunk-40"},"document_id":"AF54472B","chunk_id":"cqpi0uk738eu1","chunk_label":"unnamed-chunk-2"},{"row":60,"row_count":1,"visible":true,"expansion_state":0,"options":{"engine":"r","label":"unnamed-chunk-41"},"document_id":"AF54472B","chunk_id":"cvup9ma2rtpr5","chunk_label":"unnamed-chunk-3"},{"row":67,"row_count":1,"visible":true,"expansion_state":0,"options":{"engine":"r","label":"unnamed-chunk-42"},"document_id":"AF54472B","chunk_id":"c682wh1cji4vs","chunk_label":"unnamed-chunk-4"},{"row":74,"row_count":1,"visible":true,"expansion_state":0,"options":{"engine":"r","label":"unnamed-chunk-43"},"document_id":"AF54472B","chunk_id":"c4lllgushow9f","chunk_label":"unnamed-chunk-5"},{"row":84,"row_count":1,"visible":true,"expansion_state":0,"options":{"engine":"r","label":"unnamed-chunk-44"},"document_id":"AF54472B","chunk_id":"caokgv9fddzrb","chunk_label":"unnamed-chunk-6"},{"row":89,"row_count":1,"visible":true,"expansion_state":0,"options":{"engine":"r","label":"unnamed-chunk-45"},"document_id":"AF54472B","chunk_id":"ceeh3tksd7sx0","chunk_label":"unnamed-chunk-7"},{"row":100,"row_count":1,"visible":true,"expansion_state":0,"options":{"engine":"r","label":"unnamed-chunk-46"},"document_id":"AF54472B","chunk_id":"c4s039mn9nlly","chunk_label":"unnamed-chunk-8"},{"row":107,"row_count":1,"visible":true,"expansion_state":0,"options":{"engine":"r","label":"unnamed-chunk-47"},"document_id":"AF54472B","chunk_id":"cfgyyva6xsc2x","chunk_label":"unnamed-chunk-9"},{"row":116,"row_count":1,"visible":true,"expansion_state":0,"options":{"engine":"r","label":"unnamed-chunk-48"},"document_id":"AF54472B","chunk_id":"c8q7e4gccpvoj","chunk_label":"unnamed-chunk-10"},{"row":127,"row_count":1,"visible":true,"expansion_state":0,"options":{"engine":"r","label":"unnamed-chunk-49"},"document_id":"AF54472B","chunk_id":"c49kxjfn455nx","chunk_label":"unnamed-chunk-11"},{"row":139,"row_count":1,"visible":true,"expansion_state":0,"options":{"engine":"r","label":"unnamed-chunk-50"},"document_id":"AF54472B","chunk_id":"cgmst56hdyajd","chunk_label":"unnamed-chunk-12"},{"row":146,"row_count":1,"visible":true,"expansion_state":0,"options":{"engine":"r","label":"unnamed-chunk-51"},"document_id":"AF54472B","chunk_id":"c01bh4746ss0l","chunk_label":"unnamed-chunk-13"},{"row":153,"row_count":1,"visible":true,"expansion_state":0,"options":{"engine":"r","label":"unnamed-chunk-52"},"document_id":"AF54472B","chunk_id":"cfg0ht210wzgy","chunk_label":"unnamed-chunk-14"},{"row":161,"row_count":1,"visible":true,"expansion_state":0,"options":{"engine":"r","label":"unnamed-chunk-53"},"document_id":"AF54472B","chunk_id":"cfe52ril43izz","chunk_label":"unnamed-chunk-15"},{"row":168,"row_count":1,"visible":true,"expansion_state":0,"options":{"engine":"r","label":"unnamed-chunk-54"},"document_id":"AF54472B","chunk_id":"ctfyt2y9raoxk","chunk_label":"unnamed-chunk-16"},{"row":175,"row_count":1,"visible":true,"expansion_state":0,"options":{"engine":"r","label":"unnamed-chunk-55"},"document_id":"AF54472B","chunk_id":"cdfo2vju20jpw","chunk_label":"unnamed-chunk-17"},{"row":185,"row_count":1,"visible":true,"expansion_state":0,"options":{"engine":"r","label":"unnamed-chunk-69"},"document_id":"AF54472B","chunk_id":"cl386mz06edh1","chunk_label":"unnamed-chunk-18"},{"row":194,"row_count":1,"visible":true,"expansion_state":0,"options":{"engine":"r","label":"unnamed-chunk-70"},"document_id":"AF54472B","chunk_id":"c2jq7e5zvo4cv","chunk_label":"unnamed-chunk-19"},{"row":199,"row_count":1,"visible":true,"expansion_state":0,"options":{"engine":"r","label":"unnamed-chunk-67"},"document_id":"AF54472B","chunk_id":"cms02choo89v7","chunk_label":"unnamed-chunk-20"},{"row":205,"row_count":1,"visible":true,"expansion_state":0,"options":{"engine":"r","label":"unnamed-chunk-73"},"document_id":"AF54472B","chunk_id":"cxmw5xkcnb9u7","chunk_label":"unnamed-chunk-21"},{"row":214,"row_count":1,"visible":true,"expansion_state":0,"options":{"engine":"r","label":"unnamed-chunk-74"},"document_id":"AF54472B","chunk_id":"cwf60gz5o2e9s","chunk_label":"unnamed-chunk-22"},{"row":219,"row_count":1,"visible":true,"expansion_state":0,"options":{"engine":"r","label":"unnamed-chunk-75"},"document_id":"AF54472B","chunk_id":"c0cmb7i4303ff","chunk_label":"unnamed-chunk-23"},{"row":225,"row_count":1,"visible":true,"expansion_state":0,"options":{"engine":"r","label":"unnamed-chunk-82"},"document_id":"AF54472B","chunk_id":"c3p7of8tnqi3t","chunk_label":"unnamed-chunk-24"},{"row":234,"row_count":1,"visible":true,"expansion_state":0,"options":{"engine":"r","label":"unnamed-chunk-84"},"document_id":"AF54472B","chunk_id":"cqlel4w3shl73","chunk_label":"unnamed-chunk-25"},{"row":241,"row_count":1,"visible":true,"expansion_state":0,"options":{"engine":"r","label":"unnamed-chunk-85"},"document_id":"AF54472B","chunk_id":"cgso0bqx9c0le","chunk_label":"unnamed-chunk-26"},{"row":254,"row_count":1,"visible":true,"expansion_state":0,"options":{"engine":"r","label":"unnamed-chunk-88"},"document_id":"AF54472B","chunk_id":"c9a1r1fayqoui","chunk_label":"unnamed-chunk-27"},{"row":262,"row_count":1,"visible":true,"expansion_state":0,"options":{"engine":"r","label":"unnamed-chunk-89"},"document_id":"AF54472B","chunk_id":"ctu1czt9usxt2","chunk_label":"unnamed-chunk-28"},{"row":279,"row_count":1,"visible":true,"expansion_state":0,"options":{"engine":"r","label":"unnamed-chunk-93"},"document_id":"AF54472B","chunk_id":"c7qv0wgrnide8","chunk_label":"unnamed-chunk-29"},{"row":305,"row_count":1,"visible":true,"expansion_state":0,"options":{"engine":"r","label":"unnamed-chunk-94"},"document_id":"AF54472B","chunk_id":"cwyb2100kq07z","chunk_label":"unnamed-chunk-30"}],"doc_write_time":1659825778,"chunk_rendered_width":700}