{"chunk_definitions":[{"row":12,"row_count":1,"visible":true,"expansion_state":0,"options":{"engine":"r","label":"unnamed-chunk-3"},"document_id":"80103B72","chunk_id":"cpo67u0cpqyv8","chunk_label":"unnamed-chunk-1"},{"row":18,"row_count":1,"visible":true,"expansion_state":0,"options":{"engine":"r","label":"unnamed-chunk-7"},"document_id":"80103B72","chunk_id":"cue06bi4stbg0","chunk_label":"unnamed-chunk-2"},{"row":43,"row_count":1,"visible":true,"expansion_state":0,"options":{"engine":"r","label":"unnamed-chunk-17"},"document_id":"80103B72","chunk_id":"c2ozm4g55cwbm","chunk_label":"unnamed-chunk-6"}],"doc_write_time":1660794526}