{"chunk_definitions":[{"row":17,"row_count":1,"visible":true,"expansion_state":0,"options":{"engine":"r","label":"unnamed-chunk-1"},"document_id":"9D4108B8","chunk_id":"cixwesfbsac49","chunk_label":"unnamed-chunk-1"},{"row":24,"row_count":1,"visible":true,"expansion_state":0,"options":{"engine":"r","label":"unnamed-chunk-2"},"document_id":"9D4108B8","chunk_id":"c0ks7gl2f9cuz","chunk_label":"unnamed-chunk-2"},{"row":31,"row_count":1,"visible":true,"expansion_state":0,"options":{"engine":"r","label":"unnamed-chunk-3"},"document_id":"9D4108B8","chunk_id":"cjm8seuaremai","chunk_label":"unnamed-chunk-3"},{"row":36,"row_count":1,"visible":true,"expansion_state":0,"options":{"engine":"r","label":"unnamed-chunk-4"},"document_id":"9D4108B8","chunk_id":"cfxsdbr37sfj7","chunk_label":"unnamed-chunk-4"},{"row":48,"row_count":1,"visible":true,"expansion_state":0,"options":{"engine":"r","label":"unnamed-chunk-7"},"document_id":"917B9F5B","chunk_id":"cz8baq0f7ibdv","chunk_label":"unnamed-chunk-5"},{"row":57,"row_count":1,"visible":true,"expansion_state":0,"options":{"engine":"r","label":"unnamed-chunk-8"},"document_id":"917B9F5B","chunk_id":"cowlbai2o7xmc","chunk_label":"unnamed-chunk-6"},{"row":65,"row_count":1,"visible":true,"expansion_state":0,"options":{"engine":"r","label":"unnamed-chunk-9"},"document_id":"917B9F5B","chunk_id":"cfx4k7k430z2u","chunk_label":"unnamed-chunk-7"},{"row":73,"row_count":1,"visible":true,"expansion_state":0,"options":{"engine":"r","label":"unnamed-chunk-10"},"document_id":"917B9F5B","chunk_id":"c2ysbi1fp43gx","chunk_label":"unnamed-chunk-8"},{"row":84,"row_count":1,"visible":true,"expansion_state":0,"options":{"engine":"r","label":"unnamed-chunk-11"},"document_id":"917B9F5B","chunk_id":"c4hu590izqjxr","chunk_label":"unnamed-chunk-9"},{"row":98,"row_count":1,"visible":true,"expansion_state":0,"options":{"engine":"r","label":"unnamed-chunk-12"},"document_id":"917B9F5B","chunk_id":"cl9lbvvlufht4","chunk_label":"unnamed-chunk-10"},{"row":110,"row_count":1,"visible":true,"expansion_state":0,"options":{"engine":"r","label":"unnamed-chunk-13"},"document_id":"917B9F5B","chunk_id":"c3wsah629dkfv","chunk_label":"unnamed-chunk-11"},{"row":124,"row_count":1,"visible":true,"expansion_state":0,"options":{"engine":"r","label":"unnamed-chunk-14"},"document_id":"917B9F5B","chunk_id":"cs9slbbbnp4vg","chunk_label":"unnamed-chunk-12"},{"row":131,"row_count":1,"visible":true,"expansion_state":0,"options":{"engine":"r","label":"unnamed-chunk-15"},"document_id":"917B9F5B","chunk_id":"civcr23da0muj","chunk_label":"unnamed-chunk-13"},{"row":139,"row_count":1,"visible":true,"expansion_state":0,"options":{"engine":"r","label":"unnamed-chunk-16"},"document_id":"917B9F5B","chunk_id":"cgzi9ondvpv51","chunk_label":"unnamed-chunk-14"},{"row":151,"row_count":1,"visible":true,"expansion_state":0,"options":{"engine":"r","label":"unnamed-chunk-17"},"document_id":"917B9F5B","chunk_id":"cgmy6u1qpxlwf","chunk_label":"unnamed-chunk-15"},{"row":166,"row_count":1,"visible":true,"expansion_state":0,"options":{"engine":"r","label":"unnamed-chunk-18"},"document_id":"917B9F5B","chunk_id":"c0iuf0kkqt0ce","chunk_label":"unnamed-chunk-16"},{"row":179,"row_count":1,"visible":true,"expansion_state":0,"options":{"engine":"r","label":"unnamed-chunk-19"},"document_id":"917B9F5B","chunk_id":"cy1gqa9zluk1m","chunk_label":"unnamed-chunk-17"},{"row":196,"row_count":1,"visible":true,"expansion_state":0,"options":{"engine":"r","label":"unnamed-chunk-21"},"document_id":"917B9F5B","chunk_id":"cciqvnm5nhhkd","chunk_label":"unnamed-chunk-18"},{"row":214,"row_count":1,"visible":true,"expansion_state":0,"options":{"engine":"r","label":"unnamed-chunk-22"},"document_id":"917B9F5B","chunk_id":"c4fiysinf94oi","chunk_label":"unnamed-chunk-19"},{"row":229,"row_count":1,"visible":true,"expansion_state":0,"options":{"engine":"r","label":"unnamed-chunk-23"},"document_id":"917B9F5B","chunk_id":"cmq3c4y3895qe","chunk_label":"unnamed-chunk-20"},{"row":246,"row_count":1,"visible":true,"expansion_state":0,"options":{"engine":"r","label":"unnamed-chunk-24"},"document_id":"917B9F5B","chunk_id":"cesdzho8zjlfh","chunk_label":"unnamed-chunk-21"},{"row":259,"row_count":1,"visible":true,"expansion_state":0,"options":{"engine":"r","label":"unnamed-chunk-26"},"document_id":"917B9F5B","chunk_id":"clz080u830pbi","chunk_label":"unnamed-chunk-22"},{"row":267,"row_count":1,"visible":true,"expansion_state":0,"options":{"engine":"r","label":"unnamed-chunk-27"},"document_id":"917B9F5B","chunk_id":"c85cmvengusat","chunk_label":"unnamed-chunk-23"},{"row":275,"row_count":1,"visible":true,"expansion_state":0,"options":{"engine":"r","label":"unnamed-chunk-28"},"document_id":"917B9F5B","chunk_id":"c1vizu7szusvb","chunk_label":"unnamed-chunk-24"},{"row":286,"row_count":1,"visible":true,"expansion_state":0,"options":{"engine":"r","label":"unnamed-chunk-29"},"document_id":"917B9F5B","chunk_id":"cbhqq8dmv01t8","chunk_label":"unnamed-chunk-25"},{"row":301,"row_count":1,"visible":true,"expansion_state":0,"options":{"engine":"r","label":"unnamed-chunk-30"},"document_id":"917B9F5B","chunk_id":"catw1he8354ld","chunk_label":"unnamed-chunk-26"},{"row":313,"row_count":1,"visible":true,"expansion_state":0,"options":{"engine":"r","label":"unnamed-chunk-31"},"document_id":"917B9F5B","chunk_id":"c39dywfh6a6kp","chunk_label":"unnamed-chunk-27"},{"row":328,"row_count":1,"visible":true,"expansion_state":0,"options":{"engine":"r","label":"unnamed-chunk-32"},"document_id":"917B9F5B","chunk_id":"cg7m7oiasrpoa","chunk_label":"unnamed-chunk-28"},{"row":342,"row_count":1,"visible":true,"expansion_state":0,"options":{"engine":"r","label":"unnamed-chunk-33"},"document_id":"917B9F5B","chunk_id":"chbdhcqi2mvl4","chunk_label":"unnamed-chunk-29"},{"row":354,"row_count":1,"visible":true,"expansion_state":0,"options":{"engine":"r","label":"unnamed-chunk-34"},"document_id":"917B9F5B","chunk_id":"c9w3p8l2yvdda","chunk_label":"unnamed-chunk-30"},{"row":366,"row_count":1,"visible":true,"expansion_state":0,"options":{"engine":"r","label":"unnamed-chunk-35"},"document_id":"917B9F5B","chunk_id":"crwn7zdrctojl","chunk_label":"unnamed-chunk-31"},{"row":378,"row_count":1,"visible":true,"expansion_state":0,"options":{"engine":"r","label":"unnamed-chunk-36"},"document_id":"917B9F5B","chunk_id":"c7eqlqk6dnoqo","chunk_label":"unnamed-chunk-32"},{"row":386,"row_count":1,"visible":true,"expansion_state":0,"options":{"engine":"r","label":"unnamed-chunk-37"},"document_id":"917B9F5B","chunk_id":"cgkw1m5znm5pb","chunk_label":"unnamed-chunk-33"},{"row":399,"row_count":1,"visible":true,"expansion_state":0,"options":{"engine":"r","label":"unnamed-chunk-44"},"document_id":"917B9F5B","chunk_id":"ctbwnerdl77ie","chunk_label":"unnamed-chunk-34"},{"row":411,"row_count":1,"visible":true,"expansion_state":0,"options":{"engine":"r","label":"unnamed-chunk-50"},"document_id":"917B9F5B","chunk_id":"cxiw1qeotuvcr","chunk_label":"unnamed-chunk-35"},{"row":419,"row_count":1,"visible":true,"expansion_state":0,"options":{"engine":"r","label":"unnamed-chunk-51"},"document_id":"917B9F5B","chunk_id":"copdx4w9tdvdf","chunk_label":"unnamed-chunk-36"},{"row":432,"row_count":1,"visible":true,"expansion_state":0,"options":{"engine":"r","label":"unnamed-chunk-53"},"document_id":"917B9F5B","chunk_id":"czccu0u895rsh","chunk_label":"unnamed-chunk-37"},{"row":449,"row_count":1,"visible":true,"expansion_state":0,"options":{"engine":"r","label":"unnamed-chunk-64"},"document_id":"917B9F5B","chunk_id":"cg2brssx51pu9","chunk_label":"unnamed-chunk-38"}],"doc_write_time":1659830736,"chunk_rendered_width":700}