{"chunk_definitions":[{"row":12,"row_count":1,"visible":true,"expansion_state":0,"options":{"engine":"r","label":"unnamed-chunk-3"},"document_id":"80103B72","chunk_id":"cpo67u0cpqyv8","chunk_label":"unnamed-chunk-1"},{"row":18,"row_count":1,"visible":true,"expansion_state":0,"options":{"engine":"r","label":"unnamed-chunk-7"},"document_id":"80103B72","chunk_id":"cue06bi4stbg0","chunk_label":"unnamed-chunk-2"},{"row":24,"row_count":1,"visible":true,"expansion_state":0,"options":{"engine":"r","label":"unnamed-chunk-8"},"document_id":"80103B72","chunk_id":"ccv8ukiyjhm31","chunk_label":"unnamed-chunk-3"},{"row":33,"row_count":1,"visible":true,"expansion_state":0,"options":{"engine":"r","label":"unnamed-chunk-15"},"document_id":"80103B72","chunk_id":"c7h9u7w6z96u7","chunk_label":"unnamed-chunk-4"},{"row":41,"row_count":1,"visible":true,"expansion_state":0,"options":{"engine":"r","label":"unnamed-chunk-16"},"document_id":"80103B72","chunk_id":"cam65dm318u9k","chunk_label":"unnamed-chunk-5"},{"row":49,"row_count":1,"visible":true,"expansion_state":0,"options":{"engine":"r","label":"unnamed-chunk-17"},"document_id":"80103B72","chunk_id":"c2ozm4g55cwbm","chunk_label":"unnamed-chunk-6"},{"row":53,"row_count":1,"visible":true,"expansion_state":0,"options":{"engine":"r","label":"unnamed-chunk-18"},"document_id":"80103B72","chunk_id":"cbn9x0lv5bmjz","chunk_label":"unnamed-chunk-7"},{"row":64,"row_count":1,"visible":true,"expansion_state":0,"options":{"engine":"r","label":"unnamed-chunk-19"},"document_id":"80103B72","chunk_id":"ch6ncdin5nw2l","chunk_label":"unnamed-chunk-8"},{"row":71,"row_count":1,"visible":true,"expansion_state":0,"options":{"engine":"r","label":"unnamed-chunk-21"},"document_id":"80103B72","chunk_id":"cw279qr38omh8","chunk_label":"unnamed-chunk-9"},{"row":80,"row_count":1,"visible":true,"expansion_state":0,"options":{"engine":"r","label":"unnamed-chunk-22"},"document_id":"80103B72","chunk_id":"cuj7y89foqw24","chunk_label":"unnamed-chunk-10"}],"doc_write_time":1659795592,"chunk_rendered_width":700}