{"chunk_definitions":[{"row":11,"row_count":1,"visible":true,"expansion_state":0,"options":{"engine":"r","label":"unnamed-chunk-1"},"document_id":"38108DFD","chunk_id":"cbuo60duw7cls","chunk_label":"unnamed-chunk-1"},{"row":19,"row_count":1,"visible":true,"expansion_state":0,"options":{"engine":"r","label":"unnamed-chunk-3"},"document_id":"38108DFD","chunk_id":"c1uinu3x9haij","chunk_label":"unnamed-chunk-2"},{"row":25,"row_count":1,"visible":true,"expansion_state":0,"options":{"engine":"r","label":"unnamed-chunk-4"},"document_id":"38108DFD","chunk_id":"clyx0qrbbcuxq","chunk_label":"unnamed-chunk-3"},{"row":33,"row_count":1,"visible":true,"expansion_state":0,"options":{"engine":"r","label":"unnamed-chunk-5"},"document_id":"38108DFD","chunk_id":"caxabrrnjri3w","chunk_label":"unnamed-chunk-4"},{"row":39,"row_count":1,"visible":true,"expansion_state":0,"options":{"engine":"r","label":"unnamed-chunk-6"},"document_id":"38108DFD","chunk_id":"crfghkdb019j7","chunk_label":"unnamed-chunk-5"},{"row":50,"row_count":1,"visible":true,"expansion_state":0,"options":{"engine":"r","label":"unnamed-chunk-8"},"document_id":"38108DFD","chunk_id":"c4kjfjqcvb0ms","chunk_label":"unnamed-chunk-6"},{"row":56,"row_count":1,"visible":true,"expansion_state":0,"options":{"engine":"r","label":"unnamed-chunk-9"},"document_id":"38108DFD","chunk_id":"cvovfvdl2ps69","chunk_label":"unnamed-chunk-7"},{"row":62,"row_count":1,"visible":true,"expansion_state":0,"options":{"engine":"r","label":"unnamed-chunk-13"},"document_id":"38108DFD","chunk_id":"c6j8xqmydjjsj","chunk_label":"unnamed-chunk-8"},{"row":68,"row_count":1,"visible":true,"expansion_state":0,"options":{"engine":"r","label":"unnamed-chunk-14"},"document_id":"38108DFD","chunk_id":"cfcf7nhxkixvx","chunk_label":"unnamed-chunk-9"},{"row":78,"row_count":1,"visible":true,"expansion_state":0,"options":{"engine":"r","label":"unnamed-chunk-16"},"document_id":"38108DFD","chunk_id":"cp57o5ohigofs","chunk_label":"unnamed-chunk-10"},{"row":84,"row_count":1,"visible":true,"expansion_state":0,"options":{"engine":"r","label":"unnamed-chunk-17"},"document_id":"38108DFD","chunk_id":"ckyfoyer1d1lt","chunk_label":"unnamed-chunk-11"},{"row":92,"row_count":1,"visible":true,"expansion_state":0,"options":{"engine":"r","label":"unnamed-chunk-18"},"document_id":"38108DFD","chunk_id":"cqtezw7j4r1wb","chunk_label":"unnamed-chunk-12"},{"row":98,"row_count":1,"visible":true,"expansion_state":0,"options":{"engine":"r","label":"unnamed-chunk-19"},"document_id":"38108DFD","chunk_id":"c12sh11cpfcea","chunk_label":"unnamed-chunk-13"}],"doc_write_time":1659793373}