"0","# 1) Datos crudos"
"0","preclin_data %>% "
"0","  "
"0","  # 2) Eliminar duplicados de fila"
"0","  distinct(.keep_all = TRUE) %>% "
"0","  "
"0","  # 3) Eliminar ratones con ID duplicado"
"0","  filter(!(id_raton == 1 & protocolo == ""desconocido"")) %>% "
"0","  filter(!(id_raton == 1 & id_jaula == 7)) %>% "
"0","  "
"0","  # 4) Remplazar dato perdido de urea por valor recuperado"
"0","  mutate(urea = replace(urea, id_raton == 6, 65.2)) %>%"
"0","  "
"0","  # 5) Convertir a dato perdido valores camuflados (-999, ""desconocido"")"
"0","  na_if(list(prot = -999)) %>% "
"0","  na_if(list(protocolo = ""desconocido"")) %>% "
"0","  "
"0","  # 6) Corregir valor extremo no plausible"
"0","  mutate(prot = recode(prot,  `43131` = 4.5)) -> preclin_data_clean"
"0",""
"0","preclin_data_clean"
