{"chunk_definitions":[{"row":18,"row_count":1,"visible":true,"expansion_state":0,"options":{"engine":"r","label":"unnamed-chunk-1"},"document_id":"423BE121","chunk_id":"cduk28i9kxvi0","chunk_label":"unnamed-chunk-1"},{"row":25,"row_count":1,"visible":true,"expansion_state":0,"options":{"engine":"r","label":"unnamed-chunk-2"},"document_id":"423BE121","chunk_id":"c2q1pjxvj2lbm","chunk_label":"unnamed-chunk-2"},{"row":32,"row_count":1,"visible":true,"expansion_state":0,"options":{"engine":"r","label":"unnamed-chunk-3"},"document_id":"423BE121","chunk_id":"cc1xl3kz5s581","chunk_label":"unnamed-chunk-3"},{"row":37,"row_count":1,"visible":true,"expansion_state":0,"options":{"engine":"r","label":"unnamed-chunk-4"},"document_id":"423BE121","chunk_id":"ctvvbfgvnnmpm","chunk_label":"unnamed-chunk-4"},{"row":45,"row_count":1,"visible":true,"expansion_state":0,"options":{"engine":"r","label":"unnamed-chunk-5"},"document_id":"423BE121","chunk_id":"crxhtejvxsz7o","chunk_label":"unnamed-chunk-5"},{"row":51,"row_count":1,"visible":true,"expansion_state":0,"options":{"engine":"r","label":"unnamed-chunk-6"},"document_id":"423BE121","chunk_id":"cbnp1fjjqw7q0","chunk_label":"unnamed-chunk-6"},{"row":57,"row_count":1,"visible":true,"expansion_state":0,"options":{"engine":"r","label":"unnamed-chunk-7"},"document_id":"423BE121","chunk_id":"c4ggw9lqou0hw","chunk_label":"unnamed-chunk-7"},{"row":63,"row_count":1,"visible":true,"expansion_state":0,"options":{"engine":"r","label":"unnamed-chunk-8"},"document_id":"423BE121","chunk_id":"chzghq5j1q2nv","chunk_label":"unnamed-chunk-8"},{"row":67,"row_count":1,"visible":true,"expansion_state":0,"options":{"engine":"r","label":"unnamed-chunk-9"},"document_id":"423BE121","chunk_id":"ciiz2sl57a664","chunk_label":"unnamed-chunk-9"},{"row":73,"row_count":1,"visible":true,"expansion_state":0,"options":{"engine":"r","label":"unnamed-chunk-11"},"document_id":"423BE121","chunk_id":"cqbtfq52vlwrd","chunk_label":"unnamed-chunk-10"},{"row":82,"row_count":1,"visible":true,"expansion_state":0,"options":{"engine":"r","label":"unnamed-chunk-14"},"document_id":"423BE121","chunk_id":"c7cltnvggy8pw","chunk_label":"unnamed-chunk-11"},{"row":92,"row_count":1,"visible":true,"expansion_state":0,"options":{"engine":"r","label":"unnamed-chunk-18"},"document_id":"423BE121","chunk_id":"cka80ga859tce","chunk_label":"unnamed-chunk-12"},{"row":101,"row_count":1,"visible":true,"expansion_state":0,"options":{"engine":"r","label":"unnamed-chunk-19"},"document_id":"423BE121","chunk_id":"cxtyh3gzyh7h2","chunk_label":"unnamed-chunk-13"},{"row":108,"row_count":1,"visible":true,"expansion_state":0,"options":{"engine":"r","label":"unnamed-chunk-20"},"document_id":"423BE121","chunk_id":"clz3ucy7j8sda","chunk_label":"unnamed-chunk-14"},{"row":115,"row_count":1,"visible":true,"expansion_state":0,"options":{"engine":"r","label":"unnamed-chunk-21"},"document_id":"423BE121","chunk_id":"ciraqx63mobo0","chunk_label":"unnamed-chunk-15"},{"row":125,"row_count":1,"visible":true,"expansion_state":0,"options":{"engine":"r","label":"unnamed-chunk-23"},"document_id":"423BE121","chunk_id":"c25i4xgy4vry2","chunk_label":"unnamed-chunk-16"},{"row":133,"row_count":1,"visible":true,"expansion_state":0,"options":{"engine":"r","label":"unnamed-chunk-27"},"document_id":"423BE121","chunk_id":"ch0llvuo7k7y0","chunk_label":"unnamed-chunk-17"},{"row":139,"row_count":1,"visible":true,"expansion_state":0,"options":{"engine":"r","label":"unnamed-chunk-29"},"document_id":"423BE121","chunk_id":"c97b8o81kxwyv","chunk_label":"unnamed-chunk-18"},{"row":144,"row_count":1,"visible":true,"expansion_state":0,"options":{"engine":"r","label":"unnamed-chunk-30"},"document_id":"423BE121","chunk_id":"cr716qcxef68q","chunk_label":"unnamed-chunk-19"},{"row":150,"row_count":1,"visible":true,"expansion_state":0,"options":{"engine":"r","label":"unnamed-chunk-31"},"document_id":"423BE121","chunk_id":"cuapc17l9qih1","chunk_label":"unnamed-chunk-20"},{"row":156,"row_count":1,"visible":true,"expansion_state":0,"options":{"engine":"r","label":"unnamed-chunk-33"},"document_id":"423BE121","chunk_id":"cp2qxs4i8f8jy","chunk_label":"unnamed-chunk-21"},{"row":162,"row_count":1,"visible":true,"expansion_state":0,"options":{"engine":"r","label":"unnamed-chunk-37"},"document_id":"423BE121","chunk_id":"cw6ye1wh0hauw","chunk_label":"unnamed-chunk-22"},{"row":168,"row_count":1,"visible":true,"expansion_state":0,"options":{"engine":"r","label":"unnamed-chunk-38"},"document_id":"423BE121","chunk_id":"c36jb68t8exxj","chunk_label":"unnamed-chunk-23"},{"row":173,"row_count":1,"visible":true,"expansion_state":0,"options":{},"document_id":"423BE121","chunk_id":"cey16o1i0jyaa","chunk_label":"unnamed-chunk-24"}],"doc_write_time":1659807942,"chunk_rendered_width":584}