{"chunk_definitions":[{"row":39,"row_count":1,"visible":true,"expansion_state":0,"options":{"engine":"r","label":"unnamed-chunk-1"},"document_id":"AF54472B","chunk_id":"ckhxi98h5c49z","chunk_label":"unnamed-chunk-1"},{"row":49,"row_count":1,"visible":true,"expansion_state":0,"options":{"engine":"r","label":"unnamed-chunk-2"},"document_id":"AF54472B","chunk_id":"cqpi0uk738eu1","chunk_label":"unnamed-chunk-2"},{"row":58,"row_count":1,"visible":true,"expansion_state":0,"options":{"engine":"r","label":"unnamed-chunk-3"},"document_id":"AF54472B","chunk_id":"cvup9ma2rtpr5","chunk_label":"unnamed-chunk-3"}],"doc_write_time":1659821999}