{"chunk_definitions":[{"row":17,"row_count":1,"visible":true,"expansion_state":0,"options":{"engine":"r","label":"unnamed-chunk-3"},"document_id":"9D4108B8","chunk_id":"cixwesfbsac49","chunk_label":"unnamed-chunk-1"},{"row":24,"row_count":1,"visible":true,"expansion_state":0,"options":{"engine":"r","label":"unnamed-chunk-4"},"document_id":"9D4108B8","chunk_id":"c0ks7gl2f9cuz","chunk_label":"unnamed-chunk-2"},{"row":31,"row_count":1,"visible":true,"expansion_state":0,"options":{"engine":"r","label":"unnamed-chunk-5"},"document_id":"9D4108B8","chunk_id":"cjm8seuaremai","chunk_label":"unnamed-chunk-3"},{"row":36,"row_count":1,"visible":true,"expansion_state":0,"options":{"engine":"r","label":"unnamed-chunk-6"},"document_id":"9D4108B8","chunk_id":"cfxsdbr37sfj7","chunk_label":"unnamed-chunk-4"}],"doc_write_time":1661716167,"chunk_rendered_width":700}