"0","library(tidyverse)     # Esto carga {dplyr}, {ggplot2}, etc."
"0","library(rio)           # Para importar cualquier tipo de datos"
"0","library(skimr)         # Exploración de datos"
"0","library(summarytools)  # Para generar estadísticos descriptivos"
"0","library(Hmisc)         # Para generar estadísticos descriptivos"
"0","library(scales)        # Utilitarios para maquillar indicadores (%, $, etc.)"
"0","library(janitor)       # Funciones para generar tablas categoricas elegantes"
"0","library(DescTools)     # Para generar estadísticos descriptivos"
"2","
Attaching package: ‘DescTools’

"
"2","The following objects are masked from ‘package:Hmisc’:

    %nin%, Label, Mean, Quantile

"
