{"chunk_definitions":[{"row":27,"row_count":1,"visible":true,"expansion_state":0,"options":{"engine":"r","label":"unnamed-chunk-1"},"document_id":"3DE08CFB","chunk_id":"cmmca8byqd2c3","chunk_label":"unnamed-chunk-1"},{"row":38,"row_count":1,"visible":true,"expansion_state":0,"options":{"engine":"r","label":"unnamed-chunk-4"},"document_id":"3DE08CFB","chunk_id":"czxyd3ounpf32","chunk_label":"unnamed-chunk-2"},{"row":49,"row_count":1,"visible":true,"expansion_state":0,"options":{"engine":"r","label":"unnamed-chunk-9"},"document_id":"3DE08CFB","chunk_id":"c30uck82wgy1i","chunk_label":"unnamed-chunk-3"},{"row":58,"row_count":1,"visible":true,"expansion_state":0,"options":{"engine":"r","label":"unnamed-chunk-10"},"document_id":"3DE08CFB","chunk_id":"c7m8m6fcep90m","chunk_label":"unnamed-chunk-4"},{"row":67,"row_count":1,"visible":true,"expansion_state":0,"options":{"engine":"r","label":"unnamed-chunk-11"},"document_id":"3DE08CFB","chunk_id":"cc9c3fcg7o522","chunk_label":"unnamed-chunk-5"},{"row":75,"row_count":1,"visible":true,"expansion_state":0,"options":{"engine":"r","label":"unnamed-chunk-12"},"document_id":"3DE08CFB","chunk_id":"c4ghzk2kx879l","chunk_label":"unnamed-chunk-6"},{"row":84,"row_count":1,"visible":true,"expansion_state":0,"options":{"engine":"r","label":"unnamed-chunk-15"},"document_id":"3DE08CFB","chunk_id":"c1auagndn4v4v","chunk_label":"unnamed-chunk-7"},{"row":97,"row_count":1,"visible":true,"expansion_state":0,"options":{"engine":"r","label":"unnamed-chunk-19"},"document_id":"3DE08CFB","chunk_id":"c749vvazi30j0","chunk_label":"unnamed-chunk-8"},{"row":114,"row_count":1,"visible":true,"expansion_state":0,"options":{"engine":"r","label":"unnamed-chunk-20"},"document_id":"3DE08CFB","chunk_id":"celtam6qcw3b8","chunk_label":"unnamed-chunk-9"},{"row":128,"row_count":1,"visible":true,"expansion_state":0,"options":{"engine":"r","label":"unnamed-chunk-21"},"document_id":"3DE08CFB","chunk_id":"cbg1umq3clm00","chunk_label":"unnamed-chunk-10"},{"row":146,"row_count":1,"visible":true,"expansion_state":0,"options":{"engine":"r","label":"unnamed-chunk-23"},"document_id":"3DE08CFB","chunk_id":"cag08gnrvq4vy","chunk_label":"unnamed-chunk-11"},{"row":159,"row_count":1,"visible":true,"expansion_state":0,"options":{"engine":"r","label":"unnamed-chunk-26"},"document_id":"3DE08CFB","chunk_id":"cel97l0hzsrce","chunk_label":"unnamed-chunk-12"},{"row":171,"row_count":1,"visible":true,"expansion_state":0,"options":{"engine":"r","label":"unnamed-chunk-27"},"document_id":"3DE08CFB","chunk_id":"cuzu36di478ny","chunk_label":"unnamed-chunk-13"},{"row":178,"row_count":1,"visible":true,"expansion_state":0,"options":{"engine":"r","label":"unnamed-chunk-28"},"document_id":"3DE08CFB","chunk_id":"cp6xgfr1c2lct","chunk_label":"unnamed-chunk-14"},{"row":186,"row_count":1,"visible":true,"expansion_state":0,"options":{"engine":"r","label":"unnamed-chunk-30"},"document_id":"3DE08CFB","chunk_id":"clv30fgennbor","chunk_label":"unnamed-chunk-15"}],"doc_write_time":1659814324}